6,3,0.00,Ак Барс,[],К закрытию: Надо закрыть карту (платное обслуживание),,MANUAL_IMPORT,2025-12-31,0.00,CARD,,
7,7,0.00,Ак Барс,[],Требует внимания: Нужно разблокировать и вывести деньги,,MANUAL_IMPORT,2025-12-31,0.00,INVESTMENT,,
56,1,0.00,Сбербанк,[],,2026-07-01 07:01:00.039000,SYSTEM_SCHEDULER,2026-06-30,0.00,CARD,,
57,3,0.00,Ак Барс,[],,2026-07-01 07:01:00.056676,SYSTEM_SCHEDULER,2026-06-30,511160.05,CARD,,
58,5,0.00,Тинькофф,"[{""id"":8,""category"":""Супермаркеты в городе"",""percentage"":25.00},{""id"":9,""category"":""Ремонт и мебель"",""percentage"":5.00},{""id"":10,""category"":""Развлечения"",""percentage"":5.00},{""id"":11,""category"":""Ж/д билеты"",""percentage"":5.00}]",,2026-07-01 07:01:00.063676,SYSTEM_SCHEDULER,2026-06-30,0.00,CARD,,
59,9,0.00,Тинькофф,[],,2026-07-01 07:01:00.070421,SYSTEM_SCHEDULER,2026-06-30,0.00,INVESTMENT,,[]
60,10,0.00,БКС,[],,2026-07-01 07:01:00.073421,SYSTEM_SCHEDULER,2026-06-30,0.00,INVESTMENT,,[]
61,2,209.00,ВТБ,"[{""id"":1,""category"":""Почта россии"",""percentage"":10.00},{""id"":2,""category"":""WOLLMER"",""percentage"":15.00},{""id"":3,""category"":""Искусство"",""percentage"":5.00}]",,2026-07-01 07:01:00.074421,SYSTEM_SCHEDULER,2026-06-30,209.00,CARD,,
62,4,0.00,Альфа-Банк,"[{""id"":4,""category"":""Аптеки"",""percentage"":5.00},{""id"":5,""category"":""Дом и ремонт"",""percentage"":5.00},{""id"":6,""category"":""Красота"",""percentage"":5.00},{""id"":7,""category"":""Все покупки"",""percentage"":1.00}]",,2026-07-01 07:01:00.076422,SYSTEM_SCHEDULER,2026-06-30,50388.00,CARD,,
63,12,50388.00,Альфа-Банк,[],,2026-07-01 07:01:00.085436,SYSTEM_SCHEDULER,2026-06-30,50388.00,DEPOSIT,"{""id"":5,""endDate"":[2026,7,19],""interestPaymentDate"":[2026,6,30],""interestRate"":22.05}",
64,15,11298339.00,Ozon Банк,[],,2026-07-01 07:01:00.089436,SYSTEM_SCHEDULER,2026-06-30,11298339.00,SAVINGS,"{""id"":6,""endDate"":null,""interestPaymentDate"":[2026,6,14],""interestRate"":12.50}",
65,6,0.00,Ozon Банк,"[{""id"":12,""category"":""Транспорт"",""percentage"":5.00},{""id"":13,""category"":""Все покупки"",""percentage"":1.00},{""id"":14,""category"":""Топливо и АЗС"",""percentage"":5.00},{""id"":15,""category"":""Электронная и бытовая техника"",""percentage"":5.00}]",,2026-07-01 07:01:00.091437,SYSTEM_SCHEDULER,2026-06-30,11298339.00,CARD,,
68,3,0.00,Ак Барс,[],,2026-08-01 13:51:00.173653,SYSTEM_SCHEDULER,2026-07-31,512949.25,CARD,,
69,5,0.00,Тинькофф,"[{""id"":8,""category"":""Все покупки"",""percentage"":1.00},{""id"":9,""category"":""Одежда и обувь"",""percentage"":5.00},{""id"":10,""category"":""Супермаркеты"",""percentage"":5.00},{""id"":11,""category"":""Фастфуд"",""percentage"":5.00}]",,2026-08-01 13:51:00.189882,SYSTEM_SCHEDULER,2026-07-31,0.00,CARD,,
70,9,0.00,Тинькофф,[],,2026-08-01 13:51:00.189882,SYSTEM_SCHEDULER,2026-07-31,0.00,INVESTMENT,,[]
9,9,162780.00,Тинькофф,[],,,MANUAL_IMPORT,2025-12-31,162780.00,INVESTMENT,,
71,10,0.00,БКС,[],,2026-08-01 13:51:00.205569,SYSTEM_SCHEDULER,2026-07-31,0.00,INVESTMENT,,[]
72,4,0.00,Альфа-Банк,"[{""id"":5,""category"":""Дом и ремонт"",""percentage"":5.00},{""id"":4,""category"":""Медицинские услуги"",""percentage"":5.00},{""id"":6,""category"":""Образование"",""percentage"":5.00},{""id"":7,""category"":""Цифровые услуги"",""percentage"":6.00}]",,2026-08-01 13:51:00.206274,SYSTEM_SCHEDULER,2026-07-31,51291.00,CARD,,
74,2,0.00,ВТБ,"[{""id"":1,""category"":""Почта россии"",""percentage"":10.00},{""id"":2,""category"":""Авито путешествия"",""percentage"":15.00},{""id"":3,""category"":""START"",""percentage"":40.00}]",,2026-08-01 13:51:00.206274,SYSTEM_SCHEDULER,2026-07-31,0.00,CARD,,
75,12,51291.00,Альфа-Банк,[],,2026-08-01 13:51:00.222985,SYSTEM_SCHEDULER,2026-07-31,51291.00,DEPOSIT,"{""id"":5,""endDate"":[2026,7,19],""interestPaymentDate"":[2026,6,30],""interestRate"":22.05}",
66,7,511160.05,Ак Барс,[],,2026-07-01 07:01:00.098437,SYSTEM_SCHEDULER,2026-06-30,511160.05,INVESTMENT,,"[{""id"":2,""securityType"":""STOCK"",""ticker"":""Аэрофлот"",""quantity"":560.00,""currentPrice"":39.63,""faceValue"":null,""couponRate"":null,""maturityDate"":null},{""id"":3,""securityType"":""STOCK"",""ticker"":""ВТБ"",""quantity"":20.00,""currentPrice"":71.80,""faceValue"":null,""couponRate"":null,""maturityDate"":null},{""id"":4,""securityType"":""STOCK"",""ticker"":""Магнит"",""quantity"":1.00,""currentPrice"":1866.00,""faceValue"":null,""couponRate"":null,""maturityDate"":null},{""id"":5,""securityType"":""STOCK"",""ticker"":""МТС"",""quantity"":80.00,""currentPrice"":215.85,""faceValue"":null,""couponRate"":null,""maturityDate"":null},{""id"":6,""securityType"":""STOCK"",""ticker"":""Сбербанк"",""quantity"":30.00,""currentPrice"":302.24,""faceValue"":null,""couponRate"":null,""maturityDate"":null},{""id"":7,""securityType"":""STOCK"",""ticker"":""Сбербанк-п"",""quantity"":30.00,""currentPrice"":302.01,""faceValue"":null,""couponRate"":null,""maturityDate"":null},{""id"":8,""securityType"":""STOCK"",""ticker"":""Т-Техно"",""quantity"":50.00,""currentPrice"":271.32,""faceValue"":null,""couponRate"":null,""maturityDate"":null},{""id"":9,""securityType"":""BOND"",""ticker"":""ОФЗ 26222"",""quantity"":250.00,""currentPrice"":1002.18,""faceValue"":null,""couponRate"":null,""maturityDate"":null},{""id"":10,""securityType"":""BOND"",""ticker"":""ОФЗ 29016"",""quantity"":100.00,""currentPrice"":1002.15,""faceValue"":null,""couponRate"":null,""maturityDate"":null},{""id"":11,""securityType"":""CURRENCY_METAL"",""ticker"":""Рубль"",""quantity"":85943.75,""currentPrice"":1.00,""faceValue"":null,""couponRate"":null,""maturityDate"":null}]"
73,7,512949.25,Ак Барс,[],,2026-08-01 13:51:00.206274,SYSTEM_SCHEDULER,2026-07-31,512949.25,INVESTMENT,,"[{""id"":11,""securityType"":""CURRENCY_METAL"",""ticker"":""Рубль"",""quantity"":85943.75,""currentPrice"":1.00,""faceValue"":null,""couponRate"":null,""maturityDate"":null},{""id"":2,""securityType"":""STOCK"",""ticker"":""Аэрофлот"",""quantity"":560.00,""currentPrice"":39.60,""faceValue"":null,""couponRate"":null,""maturityDate"":null},{""id"":3,""securityType"":""STOCK"",""ticker"":""ВТБ"",""quantity"":20.00,""currentPrice"":73.94,""faceValue"":null,""couponRate"":null,""maturityDate"":null},{""id"":4,""securityType"":""STOCK"",""ticker"":""Магнит"",""quantity"":1.00,""currentPrice"":1920.00,""faceValue"":null,""couponRate"":null,""maturityDate"":null},{""id"":5,""securityType"":""STOCK"",""ticker"":""МТС"",""quantity"":80.00,""currentPrice"":219.05,""faceValue"":null,""couponRate"":null,""maturityDate"":null},{""id"":6,""securityType"":""STOCK"",""ticker"":""Сбербанк"",""quantity"":30.00,""currentPrice"":308.32,""faceValue"":null,""couponRate"":null,""maturityDate"":null},{""id"":7,""securityType"":""STOCK"",""ticker"":""Сбербанк-п"",""quantity"":30.00,""currentPrice"":308.72,""faceValue"":null,""couponRate"":null,""maturityDate"":null},{""id"":8,""securityType"":""STOCK"",""ticker"":""Т-Техно"",""quantity"":50.00,""currentPrice"":272.00,""faceValue"":null,""couponRate"":null,""maturityDate"":null},{""id"":9,""securityType"":""BOND"",""ticker"":""ОФЗ 26222"",""quantity"":250.00,""currentPrice"":1005.21,""faceValue"":null,""couponRate"":null,""maturityDate"":null},{""id"":10,""securityType"":""BOND"",""ticker"":""ОФЗ 29016"",""quantity"":100.00,""currentPrice"":1004.93,""faceValue"":null,""couponRate"":null,""maturityDate"":null}]"
76,15,6336048.00,Ozon Банк,[],Проценты каждый месяц,2026-08-01 13:51:00.222985,SYSTEM_SCHEDULER,2026-07-31,11480732.00,SAVINGS,"{""id"":6,""endDate"":null,""interestPaymentDate"":[2026,7,14],""interestRate"":12.50}",
77,16,5143722.00,Ozon Банк,[],Выплаты каждый день,2026-08-01 13:51:00.222985,SYSTEM_SCHEDULER,2026-07-31,11480732.00,SAVINGS,"{""id"":7,""endDate"":null,""interestPaymentDate"":[2026,7,14],""interestRate"":11.70}",
30,8,0.00,Альфа-Банк,[],Заблокировано: 30 018 ₽,,MANUAL_IMPORT,2026-02-28,0.00,INVESTMENT,,
25,4,0.00,Альфа-Банк,"[{""id"": null, ""category"": ""Медицинские услуги"", ""percentage"": 5.0}, {""id"": null, ""category"": ""Автоуслуги"", ""percentage"": 5.0}, {""id"": null, ""category"": ""Животные"", ""percentage"": 4.0}, {""id"": null, ""category"": ""Все покупки"", ""percentage"": 1.0}]",,,MANUAL_IMPORT,2026-02-28,0.00,CARD,,
4,5,0.00,Тинькофф,"[{""id"": null, ""category"": ""Все покупки"", ""percentage"": 1.0}, {""id"": null, ""category"": ""Одежда и обувь"", ""percentage"": 5.0}, {""id"": null, ""category"": ""Музыка"", ""percentage"": 5.0}, {""id"": null, ""category"": ""Развлечения"", ""percentage"": 5.0}]",,,MANUAL_IMPORT,2025-12-31,162780.00,CARD,,
32,10,0.00,БКС,[],"Заблокировано: 246 925 ₽, участвую в обмене на акции сбера",,MANUAL_IMPORT,2026-02-28,0.00,INVESTMENT,,
24,2,0.00,ВТБ,"[{""id"": null, ""category"": ""Кафе и рестораны"", ""percentage"": 5.0}, {""id"": null, ""category"": ""Книги и канцтовары"", ""percentage"": 15.0}, {""id"": null, ""category"": ""Образование"", ""percentage"": 6.0}]",,,MANUAL_IMPORT,2026-02-28,0.00,CARD,,
2,2,0.00,ВТБ,"[{""id"": null, ""category"": ""Электроника"", ""percentage"": 15.0}, {""id"": null, ""category"": ""Супермаркеты"", ""percentage"": 100.0}, {""id"": null, ""category"": ""Все покупки"", ""percentage"": 2.0}]",Нужно восстановить доступ к карте,,MANUAL_IMPORT,2025-12-31,0.00,CARD,,
27,1,0.00,Сбербанк,[],,,MANUAL_IMPORT,2026-02-28,0.00,CARD,,
49,1,0.00,Сбербанк,[],,,MANUAL_IMPORT,2026-05-31,0.00,CARD,,
54,10,0.00,БКС,[],Заблокировано: 232 065 ₽,,MANUAL_IMPORT,2026-05-31,0.00,INVESTMENT,,
18,7,500965.00,Ак Барс,[],,,MANUAL_IMPORT,2026-01-31,500965.00,INVESTMENT,,
17,3,0.00,Ак Барс,[],,,MANUAL_IMPORT,2026-01-31,500965.00,CARD,,
34,6,11157682.00,Ozon Банк,"[{""id"": null, ""category"": ""Автоуслуги"", ""percentage"": 5.0}, {""id"": null, ""category"": ""Все покупки"", ""percentage"": 1.0}, {""id"": null, ""category"": ""Аптеки"", ""percentage"": 5.0}, {""id"": null, ""category"": ""Железнодорожные билеты"", ""percentage"": 5.0}]",,,MANUAL_IMPORT,2026-04-30,11274540.00,CARD,,
51,7,513531.00,Ак Барс,[],,,MANUAL_IMPORT,2026-05-31,513531.00,INVESTMENT,,
50,3,0.00,Ак Барс,[],,,MANUAL_IMPORT,2026-05-31,513531.00,CARD,,
19,8,0.00,Альфа-Банк,[],Заблокировано: 30 021 ₽,,MANUAL_IMPORT,2026-01-31,0.00,INVESTMENT,,
14,4,0.00,Альфа-Банк,"[{""id"": null, ""category"": ""Спортивные товары"", ""percentage"": 5.0}, {""id"": null, ""category"": ""Транспорт"", ""percentage"": 5.0}, {""id"": null, ""category"": ""Аптеки"", ""percentage"": 3.0}]",,,MANUAL_IMPORT,2026-01-31,0.00,CARD,,
46,2,1831.00,ВТБ,"[{""id"": null, ""category"": ""Супермаркеты"", ""percentage"": 4.0}, {""id"": null, ""category"": ""Театры и кино"", ""percentage"": 15.0}, {""id"": null, ""category"": ""Все покупки"", ""percentage"": 1.0}]",,,MANUAL_IMPORT,2026-05-31,1831.00,CARD,,
42,9,0.00,Тинькофф,[],Заблокировано: 67 225 ₽,,MANUAL_IMPORT,2026-04-30,0.00,INVESTMENT,,
37,5,0.00,Тинькофф,"[{""id"": null, ""category"": ""Магнит"", ""percentage"": 3.0}, {""id"": null, ""category"": ""Искусство"", ""percentage"": 5.0}, {""id"": null, ""category"": ""Образование"", ""percentage"": 5.0}, {""id"": null, ""category"": ""Рестораны"", ""percentage"": 5.0}]",,,MANUAL_IMPORT,2026-04-30,0.00,CARD,,
23,6,10966655.00,Ozon Банк,"[{""id"": null, ""category"": ""Дом и ремонт"", ""percentage"": 5.0}, {""id"": null, ""category"": ""Все покупки"", ""percentage"": 1.0}, {""id"": null, ""category"": ""Топливо и АЗС"", ""percentage"": 5.0}, {""id"": null, ""category"": ""Транспорт"", ""percentage"": 5.0}]",,,MANUAL_IMPORT,2026-02-28,11086909.00,CARD,,
10,10,54102.00,БКС,[],"Заблокировано: 286 571 ₽, участвую в обмене на акции сбера",,MANUAL_IMPORT,2025-12-31,54102.00,INVESTMENT,,
38,1,1.00,Сбербанк,[],,,MANUAL_IMPORT,2026-04-30,1.00,CARD,,
35,2,611.00,ВТБ,"[{""id"": null, ""category"": ""Дом и ремонт"", ""percentage"": 5.0}, {""id"": null, ""category"": ""Здоровье"", ""percentage"": 5.0}, {""id"": null, ""category"": ""АЗС"", ""percentage"": 5.0}]",,,MANUAL_IMPORT,2026-04-30,611.00,CARD,,
45,6,11256762.00,Ozon Банк,"[{""id"": null, ""category"": ""Автоуслуги"", ""percentage"": 5.0}, {""id"": null, ""category"": ""Все покупки"", ""percentage"": 1.0}, {""id"": null, ""category"": ""Развлечения"", ""percentage"": 5.0}, {""id"": null, ""category"": ""Электроника и бытовая техника"", ""percentage"": 5.0}]",,,MANUAL_IMPORT,2026-05-31,11373814.00,CARD,,
41,8,0.00,Альфа-Банк,[],Заблокировано: 30 018 ₽,,MANUAL_IMPORT,2026-04-30,395.00,INVESTMENT,,
36,4,395.00,Альфа-Банк,"[{""id"": null, ""category"": ""Цифровые товары"", ""percentage"": 5.0}, {""id"": null, ""category"": ""Фастфуд"", ""percentage"": 3.0}, {""id"": null, ""category"": ""Все покупки"", ""percentage"": 1.0}]",,,MANUAL_IMPORT,2026-04-30,395.00,CARD,,
16,1,0.00,Сбербанк,[],,,MANUAL_IMPORT,2026-01-31,0.00,CARD,,
29,7,504208.00,Ак Барс,[],,,MANUAL_IMPORT,2026-02-28,504208.00,INVESTMENT,,
28,3,0.00,Ак Барс,[],,,MANUAL_IMPORT,2026-02-28,504208.00,CARD,,
53,9,0.00,Тинькофф,[],Заблокировано: 44 949 ₽,,MANUAL_IMPORT,2026-05-31,0.00,INVESTMENT,,
48,5,0.00,Тинькофф,"[{""id"": null, ""category"": ""Все покупки"", ""percentage"": 1.0}, {""id"": null, ""category"": ""Развлечения"", ""percentage"": 5.0}, {""id"": null, ""category"": ""Образование"", ""percentage"": 5.0}, {""id"": null, ""category"": ""Рестораны"", ""percentage"": 5.0}]",,,MANUAL_IMPORT,2026-05-31,0.00,CARD,,
40,7,511540.00,Ак Барс,[],,,MANUAL_IMPORT,2026-04-30,511540.00,INVESTMENT,,
39,3,0.00,Ак Барс,[],,,MANUAL_IMPORT,2026-04-30,511540.00,CARD,,
13,2,1786.00,ВТБ,"[{""id"": null, ""category"": ""Кафе и рестораны"", ""percentage"": 3.0}, {""id"": null, ""category"": ""Супермаркеты"", ""percentage"": 2.0}, {""id"": null, ""category"": ""Все покупки"", ""percentage"": 2.0}]",,,MANUAL_IMPORT,2026-01-31,1786.00,CARD,,
20,9,0.00,Тинькофф,[],Заблокировано: 71 442 ₽,,MANUAL_IMPORT,2026-01-31,0.00,INVESTMENT,,
15,5,0.00,Тинькофф,"[{""id"": null, ""category"": ""Топливо в городе"", ""percentage"": 4.0}, {""id"": null, ""category"": ""Образование"", ""percentage"": 5.0}, {""id"": null, ""category"": ""Искусство"", ""percentage"": 5.0}, {""id"": null, ""category"": ""Развлечения"", ""percentage"": 5.0}]",,,MANUAL_IMPORT,2026-01-31,0.00,CARD,,
12,6,10847253.00,Ozon Банк,"[{""id"": null, ""category"": ""Дом и ремонт"", ""percentage"": 5.0}, {""id"": null, ""category"": ""Искусство"", ""percentage"": 25.0}, {""id"": null, ""category"": ""Топливо и АЗС"", ""percentage"": 3.0}, {""id"": null, ""category"": ""Одежда и обувь"", ""percentage"": 3.0}]",,,MANUAL_IMPORT,2026-01-31,10972785.00,CARD,,
1,6,8290772.00,Ozon Банк,"[{""id"": null, ""category"": ""Все покупки"", ""percentage"": 1.0}, {""id"": null, ""category"": ""Супермаркеты"", ""percentage"": 3.0}, {""id"": null, ""category"": ""Топливо и АЗС"", ""percentage"": 5.0}, {""id"": null, ""category"": ""Транспорт"", ""percentage"": 7.0}]",,,MANUAL_IMPORT,2025-12-31,8386291.00,CARD,,
21,10,0.00,БКС,[],"Заблокировано: 273 877 ₽, участвую в обмене на акции сбера",,MANUAL_IMPORT,2026-01-31,0.00,INVESTMENT,,
52,8,0.00,Альфа-Банк,[],Заблокировано: 30 018 ₽,,MANUAL_IMPORT,2026-05-31,0.00,INVESTMENT,,
47,4,0.00,Альфа-Банк,"[{""id"": null, ""category"": ""Книги"", ""percentage"": 5.0}, {""id"": null, ""category"": ""Дом и ремонт"", ""percentage"": 5.0}, {""id"": null, ""category"": ""Техника"", ""percentage"": 5.0}, {""id"": null, ""category"": ""Перекресток"", ""percentage"": 8.0}]",,,MANUAL_IMPORT,2026-05-31,0.00,CARD,,
31,9,0.00,Тинькофф,[],Заблокировано: 67 225 ₽,,MANUAL_IMPORT,2026-02-28,0.00,INVESTMENT,,
26,5,0.00,Тинькофф,"[{""id"": null, ""category"": ""Одежда и обувь в городе"", ""percentage"": 20.0}, {""id"": null, ""category"": ""Аптеки"", ""percentage"": 5.0}, {""id"": null, ""category"": ""Искусство"", ""percentage"": 5.0}, {""id"": null, ""category"": ""Все покупки"", ""percentage"": 1.0}]",,,MANUAL_IMPORT,2026-02-28,0.00,CARD,,
8,8,314879.00,Альфа-Банк,[],,,MANUAL_IMPORT,2025-12-31,314879.00,INVESTMENT,,
3,4,0.00,Альфа-Банк,"[{""id"": null, ""category"": ""Все покупки"", ""percentage"": 1.0}, {""id"": null, ""category"": ""Цифровые товары"", ""percentage"": 5.0}, {""id"": null, ""category"": ""Детский мир"", ""percentage"": 7.0}]",,,MANUAL_IMPORT,2025-12-31,314879.00,CARD,,
43,10,0.00,БКС,[],"Заблокировано: 246 925 ₽, участвую в обмене на акции сбера",,MANUAL_IMPORT,2026-04-30,0.00,INVESTMENT,,
5,1,0.00,Сбербанк,[],,,MANUAL_IMPORT,2025-12-31,0.00,CARD,,
67,1,0.00,Сбербанк,[],,2026-08-01 13:51:00.139831,SYSTEM_SCHEDULER,2026-07-31,0.00,CARD,,
78,6,962.00,Ozon Банк,"[{""id"":13,""category"":""Все покупки"",""percentage"":1.00},{""id"":12,""category"":""Железнодорожные билеты"",""percentage"":5.00},{""id"":14,""category"":""Ресторан"",""percentage"":5.00},{""id"":15,""category"":""Выставки и музеи"",""percentage"":5.00},{""id"":16,""category"":""Химчистки"",""percentage"":5.00}]",,2026-08-01 13:51:00.222985,SYSTEM_SCHEDULER,2026-07-31,11480732.00,CARD,,
