30,160,3,15,0,Сметана 15% Сладкая Жизнь,https://goods.swnn.ru/125520.jpg,2,1,100г
31,40,8.6,0.1,1.7,Лук,https://tsx.x5static.net/i/800x800-fit/xdelivery/files/67/36/724a8bcbfb713009bff8d16bbac0.jpg,1,,шт
32,110,30,0.5,3,Банан,https://main-cdn.sbermegamarket.ru/big1/hlr-system/108/037/391/812/519/7/100028181159b0.jpg,1.5,,шт
33,559,10.7,49.1,6,Тыквенные семечки,https://i4.storeland.net/2/5690/156893135/075a3e/tykvennye-semechki-ochishhennye-jekstra-kupit-v-spb-nedorogo.png,30.2,,100г
34,179.4,6.6,1,0,Творог СВЕТАЕВО,https://catalog-images.x5static.net/product/1432100-main/800x800.jpeg?updated_at=2025-02-05T07:06:20.171Z,36,0,шт
7,340,72,1.5,3,Макароны,https://tsx.x5static.net/i/800x800-fit/xdelivery/files/a7/a7/89fce3b71e3765be6c6d204cfff1.jpg,12,,100г
8,110,0,1.5,0,Куриная грудка,https://5armia.ru/pic/40e012fd7ea0045d0338394fe244bc5f.jpg,22.5,,100г
9,315,0,27,0,Лопатка свиная,https://swlife.ru/image/cache/catalog/product/ec/c2/ecc257dd9b0aa66270f840a24ad14684-0x0.webp,18,,100г
10,182,13,5.2,0,Коктейль молочный ореховый латте,https://tsx.x5static.net/i/400x400-fit/xdelivery/files/0c/d0/5916df6f9927b8bd173ef93eca88.jpg,20.28,0,шт
11,78,0.3,5.5,0,Яйца С1,https://rakita-agro.ru/wp-content/uploads/2025/07/4_zygrt-ntcwsbthe-9iolgisja-k3f3ekgtwi7n9sr38g9wzamdmd6rplnu_bl9v3900-i9junbjpimll-yc2vi.jpg,6.2,,шт
12,86.9,4,4.5,0,Рикотта,https://main-cdn.sbermegamarket.ru/big1/hlr-system/-13/818/261/951/230/123/8/100043940633b0.jpg,7.6,4,100г
14,63,11.8,0.3,2.5,Смесь овощная GREENOLA,https://main-cdn.sbermegamarket.ru/big1/hlr-system/237/375/216/111/623/32/100045249218b0.jpg,3.4,0,100г
15,40,7.5,0.4,2.1,Клубника GREENOLA,https://main-cdn.sbermegamarket.ru/big1/hlr-system/-12/721/278/241/114/014/100061798839b0.jpg,0.2,0,100г
17,65,15,0.2,3,Апельсин,https://ir.ozone.ru/s3/multimedia-1-i/c1000/7494628086.jpg,1.2,,шт
16,90,23,0.5,4,Яблоко,https://upload.wikimedia.org/wikipedia/commons/thumb/1/15/Red_Apple.jpg/1280px-Red_Apple.jpg?utm_source=en.wiktionary.org&utm_campaign=index&utm_content=thumbnail,0.6,,шт
19,162,5.94,0,0,Творог сладкая жизнь 0%,https://goods.swnn.ru/120786_1.jpg,32.4,1,шт
20,350,68,2.5,10,Гречка,https://www.lakome.ru/img/econom/krupy-econom-16.jpg,13,,100г
21,60,11,1.5,0,Кофе 3 в 1,https://fstok.ru/upload/dev2fun.imagecompress/webp/iblock/da3/pyvoay774tlk8wzsapbpt8c0g9nwt9pm/LLkiki981.webp,0.28,,шт
22,280,0,17,0,Сыр СВЕТАЕВО легкий 30%,https://catalog-images.x5static.net/product/1515909-main/800x800.jpeg?updated_at=2025-10-14T14:29:14.154Z,32,0,100г
23,612,0,48.24,0,Скумбрия ДИКОЕ МОРЕ,https://catalog-images.x5static.net/product/1846852-main/800x800.jpeg?updated_at=2025-09-24T17:52:16.891Z,44.4,0,шт
24,174,8,0.7,0,Рыбка сушено-вяленая ДИКОЕ МОРЕ,https://catalog-images.x5static.net/product/1412313-main/800x800.jpeg?updated_at=2025-11-26T10:03:19.191Z,34,0,шт
25,77,16.3,0.4,1.4,Картошка,https://foodcity.ru/storage/products/October2018/pDL1EPuUxqF6PHOLds0i.jpg,2,,100г
27,302.5,17.5,10,0.7,Скумбрия Рыбное Меню,https://goods.swnn.ru/125628.jpg,35,1,шт
28,232.5,47.25,1,7.5,Хлебцы хрустящие с луком Ого,https://images-foodtech.magnit.ru/EdexYTQWnrLARe_CbMLoQozMVqVBWQ19Sq8l8L0XD5I/rs:fit:1600:1600/plain/s3://img-dostavka/catalog/uf/dd3/dd3cc0e9ff73d3d3f7ec2e4dc68b701f/a14108da8a32c089c7fbf8046f920e27.jpeg@webp,8.25,2,шт
29,108,0,4,0,Печень говяжья,https://catalog-images.x5static.net/product/1826565-main/800x800.jpeg?updated_at=2024-12-18T11:28:04.338Z,18,,100г
35,330,64,1.5,10,Хлебцы BigBio,https://catalog-images.x5static.net/product/1585293-main/800x800.jpeg?updated_at=2025-02-22T22:00:37.965Z,11,0,шт
6,30,6,0.2,1.4,Огурец большой,https://allbiysk.ru/wp-content/uploads/2023/05/ogurci.jpg,1.4,,шт
36,560,50,36,0,Шоколад babyfox,https://tsx.x5static.net/i/800x800-fit/xdelivery/files/f6/f6/db485ce9ca0df33500cdf7327b85.jpg,8,,100г
37,226,0,18,0,Свинина тушеная Звениговский,https://irecommend.ru/sites/default/files/product-images/182859/rUsF9MEE1QXZ3ccFqc16Wg.jpg,16,,100г
38,105.8,0,9.2,0,Пиколини колбаска,https://imgproxy.kuper.ru/imgproxy/size-500-500/czM6Ly9zYi1vYnMtcHJvZC1jb250ZW50LWltYWdlczAxL3Byb2R1Y3RzLzE1MTY4NTg5L29yaWdpbmFsLzEvMjAyMy0wNS0xOFQxMiUzQTM2JTNBNDUuMjUyNDM2JTJCMDAlM0EwMC8xNTE2ODU4OV8xLmpwZw==.jpg,5.75,,шт
39,112.2,27.72,0,0,Coca cola бавария,https://mineral-group.com/wp-content/uploads/2023/03/bavaria_kola_0.33_gb.jpg,0,,шт
40,66,4,0.1,0,Творог Простоквашино,https://catalog-images.x5static.net/product/2009854-main/800x800.jpeg,12,0,шт
41,242,0,10,0,Творог Княгинино 5%,https://goods.swnn.ru/127307.jpg,32,3,шт
18,20,4,0,2.9,Капуста квашенная,https://catalog-images.x5static.net/product/1432748-main/800x800.jpeg?updated_at=2025-12-02T12:33:04.157Z,1,,100г
13,99.36,5.04,4.8,0,Греческий йогурт ритмилк,https://tornado.shop/images/detailed/92/P1892287.PNG,9,0,шт
26,216,5.4,10,0,Творог сладкая жизнь 5%,https://encrypted-tbn0.gstatic.com/images?q=tbn:ANd9GcQ21rEmniONO_65vIYQisAjTe91t1HXvIiB8Jmzaot_oQ&s=10,28.8,1,шт
42,226,0,18,0,Свинина ВЕРНЕР тушеная,https://catalog-images.x5static.net/product/1406660-main/800x800.jpeg?updated_at=2025-04-03T14:46:41.410Z,16,0,100г
43,196.3,22.36,8.71,0,Продукт творожный Даниссимо браво шоколад,https://catalog-images.x5static.net/product/1406072-main/800x800.jpeg,7.02,0,шт
44,192.4,0,2,0,Тунец ДИКОЕ МОРЕ,https://catalog-images.x5static.net/product/1467146-main/800x800.jpeg?updated_at=2025-11-26T10:09:27.987Z,43.3,0,шт
45,22,4.8,0.2,1.5,Помидор,https://encrypted-tbn0.gstatic.com/images?q=tbn:ANd9GcTA15FnLcQDVx4pV6rkBFjKqaaMg11mqXVKcBEF0R0RV06aRxt-PNy-WZbR3Sq-4ZgtxN8XvlrosZpEdbMUkES-zMqX5kfHIRKVQ8QsmFlV&s=10,0.9,,шт
46,219.45,22.515,6.175,0,Мороженое Свитлогорье Манго,https://catalog-images.x5static.net/product/2038758-main/800x800.jpeg?updated_at=2025-09-24T18:01:19.149Z,14.25,0,шт
47,178.2,0.3,13.68,0,"Снек копченый, СырКач",https://img.fix-price.com/insecure/rs:fit:800:800/plain/pim/images/_default_upload_bucket/1600468.jpg,13.08,,шт
