3,false,Готов раздел калькулятор калории,0,2,false
5,false,"Я захожу на главную страницу и закрываю 80% своих ежедневных мелких задач, не сворачивая приложение и не открывая браузер.",,2,true
59,true,Сходил на 3 реальных собеседования. Не умер,14,5,false
4,false,Готов раздел с планированием,1,2,false
22,true,"Объясняю synchronized: метод vs блок, что блокируется",1,5,false
23,true,"Объясняю volatile: что гарантирует, что нет, пример",2,5,false
31,true,Пишу GROUP BY с HAVING. Объясняю WHERE vs HAVING,20,5,false
60,true,"После каждого собеса записал вопросы, на которых поплыл. Разобрал",15,5,false
32,true,Пишу запрос с подзапросом в WHERE или FROM,21,5,false
24,true,"Объясняю Deadlock: что это, как выглядит код, как избежать",3,5,false
25,true,"Объясняю ExecutorService: зачем, как создать, пример с submit",4,5,false
26,true,"Понимаю Future: что это, как получить результат",5,5,false
27,true,Понимаю ConcurrentHashMap: чем лучше synchronizedMap,6,5,false
28,true,"Понимаю AtomicInteger: зачем, как работает без synchronized",7,5,false
33,true,"Объясняю, что такое индекс, как смотреть EXPLAIN",8,5,false
34,true,Понимаю UNION vs UNION ALL,22,5,false
38,true,"Пишу groupingBy и объясняю, что получается",23,5,false
39,true,Пишу flatMap на примере списка списков,24,5,false
53,true,"Знаю разницу at-least-once, at-most-once, exactly-once",9,5,false
55,true,"Знаю, что такое CI/CD и зачем Docker",10,5,false
56,true,"Понимаю SOLID: знаю каждую букву, могу объяснить D и S",11,5,false
40,true,Пишу reduce для суммы/максимума,25,5,false
41,true,Понимаю findFirst vs findAny,26,5,false
42,true,Превращаю цикл for с if внутри в стрим за 30 секунд,27,5,false
15,true,"Объясняю String pool: что это, зачем, как работает == vs equals",31,5,false
16,true,"Объясняю checked vs unchecked исключения: примеры, когда что",32,5,false
19,true,"Объясняю final, finally, finalize: разница, когда что",35,5,false
29,true,"Пишу SELECT с WHERE, ORDER BY, LIMIT без подсказок",37,5,false
30,true,Пишу JOIN и LEFT JOIN на двух таблицах. Объясняю разницу,38,5,false
35,true,"Знаю, что такое транзакция и ACID",39,5,false
43,true,Объясняю DI/IoC своими словами с примером,42,5,false
57,true,Прошёл 1 пробный собес с другом/на платформе. Не провалился,12,5,false
10,true,"Рассказываю о себе. Рассказываю свой проект.  Без запинок. В запись себе нравится. Собеседник сказал ""понятно, интересно"".",0,5,false
52,true,"Понимаю Kafka: топик, партиция, consumer group",29,5,false
54,true,Объясняю Circuit Breaker на аналогии,51,5,false
58,false,Решил 5 задач на Codewars/LeetCode Easy с голосовым объяснением,13,5,false
9,false,Я полон уверенности и прохожу собеседования,,5,true
64,false,Метрика завершения проекта,,6,true
68,false,Могу сделать 40 отжиманий,3,6,false
75,false,Могу сделать 14 подтягиваний,8,6,false
73,true,Могу сделать 12 подтягиваний,6,6,false
84,true,Могу сделать 21 отжимание от брусьев,17,6,false
74,false,Могу сделать 13 подтягиваний,7,6,false
76,false,Могу сделать 15 подтягиваний,9,6,false
77,false,Могу сделать 16 подтягиваний,10,6,false
78,false,Могу сделать 17 подтягиваний,11,6,false
79,false,Могу сделать 18 подтягиваний,12,6,false
80,false,Могу сделать 19 подтягиваний,13,6,false
81,false,Могу сделать 20 подтягиваний,14,6,false
86,false,Могу сделать 26 отжиманий от брусьев,19,6,false
87,false,Могу сделать 28 отжиманий от брусьев,20,6,false
88,false,Могу сделать 30 отжиманий от брусьев,21,6,false
89,false,Метрика завершения проекта,,7,true
90,false,Метрика завершения проекта,,8,true
62,true,"Подготовлено резюме и есть уверенность, что сможешь защитить его",52,5,false
65,true,Могу сделать 25 отжиманий.,0,6,false
82,true,Могу сделать 15 отжиманий от брусьев,15,6,false
63,true,Нормальная фотка в контактах телеграмма,53,5,false
91,false,Прошел курс на ютубе по игре на фортепиано,0,8,false
21,true,Могу написать простой поток через new Thread и Runnable,18,5,false
11,true,"На вопрос ""почему ушли"" отвечаю за 20 секунд ровно. Не оправдываюсь",30,5,false
17,true,"Объясняю ArrayList vs LinkedList: что внутри, когда что брать",33,5,false
18,true,"Объясняю устройство HashMap: хэш, корзина, коллизия, сложность",34,5,false
14,true,"Объясняю equals и hashCode: контракт, зачем оба, пример",28,5,false
92,false,Метрика завершения проекта,,9,true
93,false,Метрика завершения проекта,,10,true
66,true,Могу сделать 30 отжиманий,1,6,false
83,true,Могу сделать 18 отжиманий от брусьев,16,6,false
13,true,Могу рассказать 1 факап: проблема → моя вина → как чинили → вывод,19,5,false
20,true,"Объясняю static: класс, метод, поле, блок инициализации",36,5,false
71,true,Могу сделать 10 подтягиваний,4,6,false
94,false,Готов раздел с финансами,2,2,false
36,true,Пишу filter + map + collect(Collectors.toList()) без подсказок,40,5,false
37,true,Пишу sorted + distinct + limit,41,5,false
12,true,"На вопрос ""какую зарплату хотите"" называю цифру без паузы и ""ну... эээ...""",17,5,false
95,false,Метрика завершения проекта,,11,true
67,true,Могу сделать 35 отжиманий,2,6,false
72,true,Могу сделать 11 подтягиваний,5,6,false
85,true,Могу сделать 24 отжимания от брусьев,18,6,false
61,true,"Научился говорить: ""Глубоко не работал, но понимаю что это и зачем""",16,5,false
44,true,"Понимаю Bean, ApplicationContext, @Autowired",43,5,false
45,true,"Различаю @Component, @Service, @Repository",44,5,false
46,true,"Объясняю @Transactional: что делает, пример",45,5,false
47,true,"Понимаю, что такое AOP и где оно используется",46,5,false
48,true,"Знаю, зачем application.yml и профили",47,5,false
49,true,"Могу объяснить, как поднять Spring Boot приложение",48,5,false
50,true,"Могу сравнить монолит и микросервисы: плюсы, минусы",49,5,false
51,true,"Объясняю REST: ресурсы, методы, коды ответов",50,5,false
