196,"Чтобы мне нужно было меньше врать и опыт стыковался, нужно соединить опыт по ИП с прошлой работой. ",HIGH,4,Подделать опыт под ИП,20,2026-06-09,2026-06-11
131,Сделать на сайте кнопку по который я буду получать данные по продуктам за неделю и готовый промпт для того чтобы отдать ии,MEDIUM,1,Промпт для питания,8,2026-05-30,2026-05-30
132,"Создать топ книг которые я читал с краткой мыслью о чем и чем помогла, что-то типа топа игр, фильмов, но лучше. И думаю оформить как-то на сайте мб",,0,Топ прочитанных книг,33,2026-05-30,
76,https://www.youtube.com/watch?v=cttqXct364k&list=PLiAMYa-REsQTUc4xqetKhTUz1agkJtPyt&index=6,LOW,5,Посмотреть 5 урок,32,2026-05-29,2026-06-02
19,"Выписать все что я хочу видеть в разделе с финансами и что он мне должен подсказывать, пока для меня это куча парсинга с разных сайтов для получения разных курсов и советы по распределению портфеля",URGENT,6,Продумать раздел с финансами,8,2026-05-24,2026-06-06
6,"",,2,Интеграция с дискордом,5,2026-05-24,
119,"Добавить индексы для бд и проверить скорость работы до добавления индекса и после, понять куда стоит добавлять, а куда нет и вообще разобраться как ускорять работу бд.",MEDIUM,14,"Индекс, EXPLAIN",20,2026-05-30,2026-06-04
124,"Просто потрогать , мне кажется это фигня в стримах.
Потрогал довольно интересная вещь если в одном потоке все делается, то это буквально одно и тоже, но если паралельные потоки, то findFirst нужно ожидать и проверять результаты все потоков.",LOW,19,FindFirst vs findAny,20,2026-05-30,2026-06-01
49,"Нужно отображать закрытые задачи только за последние 7 дней, чтобы столбец не был бесконечным",LOW,2,Отображение закрытых задач,8,2026-05-29,2026-05-30
14,"Убрать рандомайзеры с главной страницы, удалил их полностью",LOW,3,Убрать рандомайзеры,8,2026-05-24,2026-05-29
15,"Подключить мониторинг для приложения, типа графаны",HIGH,5,Подключить мониторинг,8,2026-05-24,2026-05-29
44,"",MEDIUM,6,Подключить Redis,8,2026-05-27,2026-05-28
11,Оставить в ключевой ставке только один id по актульной дате и пусть она будет одна в день загрузки,LOW,7,id ключевая ставка,8,2026-05-24,2026-05-28
134,"",HIGH,24,Подготовить сопроводительное письмо.,20,2026-05-31,2026-06-01
246,Разобрать демонстрационный вариант по русскому.,LOW,11,Разобрать 8 задачу по русском,40,2026-06-28,2026-06-30
42,"",MEDIUM,9,Добавить миграции liqibase,8,2026-05-26,2026-05-28
120,Потрогать понять что делают,LOW,13,"UNION, UNION ALL",20,2026-05-30,2026-06-02
16,Добавить календарь с возможностью добавления событий и их отслеживание,LOW,17,Добавить календарь,8,2026-05-24,2026-05-28
23,"Добавить под канбаном календарь с мероприятиями, при нажати на который добавляется объектом с мероприятием",LOW,18,Календарь с мероприятиями,8,2026-05-24,2026-05-28
298,"",MEDIUM,0,Прикрепиться на другую поликлинику,41,2026-07-08,
232,"Разобрать демонстрационный вариант по русскому, математике и физике.",MEDIUM,14,Разобрать третью задачу,40,2026-06-25,2026-06-27
121,"Я уже юзал его в стримах, но надо еще попрактиковать + посмотреть бы какой-нибудь видос",LOW,19,GroupingBy,20,2026-05-30,2026-06-02
133,"Если план уже не актуален, то отправляем его в архив проверяя дату.",MEDIUM,1,Планирование в архив,8,2026-05-31,2026-06-12
110,"Поиспользовать в приложении на методе и блокить, понять как, что блокируется, попробовать по применять в моем приложение если будет возможность.",LOW,12,Synchronized,20,2026-05-30,2026-06-05
5,Получать главные события в мире на этот день/неделе (хз чет не очень идея),,3,События в мире,5,2026-05-24,
17,Добавить страницу с возможность парсинга цен на квартиры.,URGENT,4,Отслеживания цен на квартиры,8,2026-05-24,2026-07-03
229,"Разобрать демонстрационный вариант по русскому, математике и физике.",MEDIUM,11,Разобрать вторую задачу,40,2026-06-24,2026-06-25
243,Задачи можно удобно клонировать.,MEDIUM,5,Добавить возможность клонирования задач,8,2026-06-28,2026-07-03
228,"Разобрать демонстрационный вариант по русскому, математике и физике.",LOW,10,Разобрать первую задачу,40,2026-06-23,2026-06-24
118,Понять зачем нужны подзапросы попробовать написать несколько штук и немного теории,MEDIUM,14,Написать подзапросы,20,2026-05-30,2026-06-02
92,https://www.youtube.com/watch?v=Uy7WgILnM0A&list=PLiAMYa-REsQTUc4xqetKhTUz1agkJtPyt&index=22,LOW,2,Посмотреть 21 урок,29,2026-05-29,
222,"Добавляю не знакомые слова в анки
Смотрю сериал EXTRA сначала с субтитрами, следующий день без субтитров
Разговариваю с GPT 10 минут.
Смотрю одно любое видео на английском.",MEDIUM,4,День 14,28,2026-06-21,2026-06-23
32,"",MEDIUM,11,Подключить sonarqube,8,2026-05-25,2026-05-28
31,"",MEDIUM,12,Подключить Github,8,2026-05-25,2026-05-28
117,Пописать с ними запросы и понять в чем точное отличие.,LOW,15,"Отличие HAVING, WHERE",20,2026-05-30,2026-06-02
40,Настроить для помощи в собеседованиях и ответы на вопросы,LOW,9,Настроить ии для ответов,20,2026-05-25,2026-06-14
93,https://www.youtube.com/watch?v=UiXafLlk0kA&list=PLiAMYa-REsQTUc4xqetKhTUz1agkJtPyt&index=23,LOW,3,Посмотреть 22 урок,29,2026-05-29,
70,"",URGENT,3,19 подтягиваний,21,2026-05-29,
71,"",URGENT,4,20 подтягиваний,21,2026-05-29,
230,Между вкладом и картой не хватает накопительного счета для разделение по типу,LOW,2,Добавить накоп счет,8,2026-06-24,2026-06-25
105,"Если задача выполнена, она переходит в архив и будет доступна, только если отключить фильтр",MEDIUM,2,Добавить архив для промежуточных метрик,8,2026-05-30,2026-06-12
111,Пописать в приложении понять что как работает,LOW,11,Volatile,20,2026-05-30,2026-06-05
21,Добавить переход проекта в архив если он завершен,LOW,4,Проект в архив,8,2026-05-24,2026-06-11
36,"",HIGH,16,Сделать 5 откликов,20,2026-05-25,2026-05-28
24,У проекта и у задач внутри проекта должна быть видна дата создания,LOW,14,Дата создания,8,2026-05-24,2026-05-28
33,"",URGENT,17,Обновить фото в телеграме,20,2026-05-25,2026-05-28
30,"",MEDIUM,4,Подключить Swagger,8,2026-05-25,2026-05-29
109,По создавать потоки попровать позапускать разные методы понять в чем отличия.,LOW,13,"Thread, Runnable",20,2026-05-30,2026-06-05
25,"Добавить тогл выполнения задачи в сущности таски и добавить отслеживание сколько выполнено задач все за неделю, за месяц",MEDIUM,8,Тогл выполнение задачи,8,2026-05-24,2026-05-28
35,"Проставить галочки если понимаю что это закрыто и не нужно обращать внимание, завести недостающие задачи",URGENT,23,Пройтись по промежуточным метрикам,20,2026-05-25,2026-05-30
38,Выучить наизусть почему ушли и рассказать себе перед зеркалом,MEDIUM,18,Почему ушли?,20,2026-05-25,2026-05-28
37,Научиться рассказывать перед зеркалом,URGENT,19,Выучить легенду о себе и проекте,20,2026-05-25,2026-05-28
41,Найти площадки для поиска работы помимо hh,LOW,5,Площадки для поиска,20,2026-05-25,2026-06-28
34,"",HIGH,20,Актуализировать резюме,20,2026-05-25,2026-05-28
244,Разобрать демонстрационный вариант по русскому.,LOW,11,Разобрать 6 задачу по русском,40,2026-06-28,2026-06-29
7,"",,4,Интеграция с телеграмом,5,2026-05-24,
135,Сейчас читаю Тренинг преодоления социофобии Дж. У. Биик,MEDIUM,0,Составить список книг для чтения,36,2026-05-31,2026-06-05
10,"Добавить оценку рациона с запросом в ии отдельное окошко выплывающие при нажатии кнопке которое будет оценивать все что в столбике мой рационе и говорить про содержание витаминов и подобного, чего не хватает. (Слишком криво работает)",,5,ИИ оценка рациона,5,2026-05-24,
251,Разобрать демонстрационный вариант по физике.,HIGH,10,Разобрать 5 задачу по физике,40,2026-06-28,2026-06-30
206,"Добавляю не знакомые слова в анки
Смотрю сериал EXTRA сначала с субтитрами, следующий день без субтитров
На грамматику делаю любое упражнение из этого списка https://www.perfect-english-grammar.com/grammar-exercises.html
Выписываю любые 5 предложение в блокнот
Разговариваю с GPT 10 минут.

Я также смотрел 25 минут подкаст
Смотрел сериал EXTRA без субтиров
И общался почти 15 минут с ии",MEDIUM,4,День 10,28,2026-06-14,2026-06-17
299,Добавить возможность удалить объявление,LOW,0,Удалить обяъвление,8,2026-07-08,2026-07-09
278,Разобрать демонстрационный вариант по математике.,HIGH,8,Разобрать 8 задачу по математике,40,2026-07-05,2026-07-07
63,"",LOW,0,12 подтягиваний,24,2026-05-29,2026-06-29
90,https://www.youtube.com/watch?v=ByqkZHrSmNA&list=PLiAMYa-REsQTUc4xqetKhTUz1agkJtPyt&index=20,LOW,0,Посмотреть 19 урок,29,2026-05-29,
67,"",HIGH,0,16 подтягиваний,21,2026-05-29,
45,"Для страницы планирование при заходе в карточку отображать сколько выполнено задач за данный период времени, можно еще добавить и отображение названия завершенных задач за это время но это по желанию",MEDIUM,0,Статистика задач планирование,8,2026-05-28,2026-05-30
107,Рассказ про ошибки как решали в чем вина и вывод,HIGH,20,Рассказ про факап,20,2026-05-30,2026-06-01
43,"",HIGH,21,Рассказать о сложной задаче,20,2026-05-26,2026-06-01
89,https://www.youtube.com/watch?v=V9rExqDsL1c&list=PLiAMYa-REsQTUc4xqetKhTUz1agkJtPyt&index=19,LOW,0,Посмотреть 18 урок,32,2026-05-29,2026-07-04
66,"",MEDIUM,1,15 подтягиваний,22,2026-05-29,
60,"",URGENT,0,30 брусьев,22,2026-05-29,
65,"",MEDIUM,0,14 подтягиваний,23,2026-05-29,
252,Разобрать демонстрационный вариант по физике.,HIGH,10,Разобрать 6 задачу по физике,40,2026-06-28,2026-07-02
57,"",HIGH,1,24 брусьев,24,2026-05-29,2026-06-29
46,"Написать что я вообще вижу как завершение проекта, метрики там например знаю то или то, и задачи по изучению музыки. 
Я нашел курс буду по нему идти.",HIGH,7,Составить план обучения,32,2026-05-28,2026-05-29
104,"Нужны типа карточки с днями недели по нажатию на которую ставятся нужные продукты в фильтр. Также нужен вариант когда не могу готовить дома, но нужен норм рацион.",HIGH,2,Добавить питанием по дням недели,8,2026-05-30,2026-06-26
58,"",HIGH,0,26 брусьев,24,2026-05-29,2026-08-14
231,Добавить возможность в аккаунт с типом инвестиции добавлять данные по облигациям и акциям,MEDIUM,1,Добавить актив,8,2026-06-24,2026-06-25
53,"",URGENT,1,40 отжиманий,23,2026-05-29,
64,"",MEDIUM,1,13 подтягиваний,24,2026-05-29,2026-08-14
68,"",HIGH,1,17 подтягиваний,21,2026-05-29,
54,"",LOW,0,15 брусьев,24,2026-05-29,2026-05-29
50,"",LOW,1,25 отжиманий,24,2026-05-29,2026-05-29
59,"",URGENT,2,28 брусьев,23,2026-05-29,
8,Проверять сообщение на всех почтах и при наличии присылать в приложение,,6,Сообщение с почты,5,2026-05-24,
47,"Составить план по обучению и метрики выполнения пока даже нет идей
Отталкиваясь от общения с чат gpt попробовать пройти превый урок и расписать его что и как после составить шаги.
https://chat.deepseek.com/a/chat/s/224ed3a9-9814-41f9-a973-95ce7f2f0858",HIGH,6,План обучения,28,2026-05-28,2026-06-05
12,Добавить больше логирования для страниц,,7,Логирование,5,2026-05-24,
62,"",LOW,0,11 подтягиваний,24,2026-05-29,2026-06-20
51,29.05.2026 - 26,MEDIUM,0,30 отжиманий,24,2026-05-29,2026-06-08
52,"",HIGH,2,35 отжиманий,24,2026-05-29,2026-06-27
55,30.05.2026 - 16,LOW,1,18 брусьев,24,2026-05-29,2026-06-09
140,"+7(8313) 34-47-30
математика русский и физика нужно сдаватьв вузе
97210 стоимость обучения за год
оригинал и копия диплома для поступления
В июле с 18 по 23 июля вступительные экзамены
центральный вход гайдара 49  для того чтобы отдать документы

Нужно дождаться ответа по вступительным экзаменам и можно начинать готовиться.
https://www.nntu.ru/frontend/web/ngtu/files/abiturientam/2026/Perechen_vstupitelnih_ispitaniy_na_baze_SPO_i_VO_pri_prieme_na_kommercheskuyu_formu_obucheniya.pdf?2026-04-09",HIGH,2,Узнать подробнее про ДПИ НГТУ,40,2026-06-02,2026-06-06
61,30.05.2026 - 9,LOW,2,10 подтягиваний,24,2026-05-29,2026-06-09
106,Определится какую зарплату просить на собеседовании,LOW,22,Зарплата,20,2026-05-30,2026-06-01
69,"",HIGH,2,18 подтягиваний,21,2026-05-29,
77,https://www.youtube.com/watch?v=p0jndmSehAc&list=PLiAMYa-REsQTUc4xqetKhTUz1agkJtPyt&index=7,LOW,5,Посмотреть 6 урок,32,2026-05-29,2026-06-03
108,Сделать удобнее раздел в обсидиане для общих вопросов HR не хард скилов,LOW,25,Раздел в обсидиане,20,2026-05-30,2026-06-01
56,"",MEDIUM,1,21 брусья,24,2026-05-29,2026-06-20
48,"Доработать запрос в календаре, чтобы отправлялся список событий только за месяц который открыт, а не за все время",LOW,3,Мероприятия по месяцам,8,2026-05-29,2026-06-11
152,Добавить возможно изменять данные по финансам и записывать их с новой датой обновления и добавить возможность переходить по этим датам обновления,HIGH,5,Историчность в финансы,8,2026-06-06,2026-06-10
29,"Название задачи:
«Дашборд стратегического планирования: Цели → Квартал → Месяц → Неделя (с интеграцией выполненных задач из проектов)»

Краткое описание:
Создать отдельный модуль «Планирование», доступный с главной страницы проектов по кнопке. В модуле реализовать карточки планов с переключаемыми вьюшками: Неделя, Месяц, Квартал, Год.

Ключевая логика:

На вьюхе «Неделя» автоматически подтягивать закрытые задачи из проектов за эту неделю с возможностью отчёта (что сделано, сколько, прикреплённые завершённые задачи).

Отдельно вывести блок с целями (пользователь пока не решил, куда именно, но в рамках этого раздела).

Иерархия: Годовые цели → Квартальные планы → Месячные → Недельные задачи.

Ожидаемый результат:
Единая страница, где видно связь «что запланировано → что реально сделано» в разрезе разных временных горизонтов.


При клике на карточку плана (Неделя/Месяц/Квартал/Год) открывается отдельная страница / модальное окно с полным описанием этого плана, где можно:

1. Прописать желаемый результат

Свободное текстовое поле «Что я хочу / Цель плана»

2. Метрика завершения

Числовой показатель, например, 0–100% или 0/5 задач

3. Переключатель статуса (один из вариантов):

✅ «Закончилось выше ожидаемого»

✅ «Как планировал»

✅ «Оказалось сложнее»

❌ «Не смог приступить»

4. Комментарии (два уровня):

Комментарий к каждой цели / задаче внутри плана (текстовое поле)

Общий комментарий для всей страницы (внизу или в шапке, подходит для ретроспективы)

Дополнительно:

Возможность редактировать всё описанное после сохранения

На родительской странице планирования видеть краткий статус или метрику сверткой на карточке


Страница «Планирование»
 └── Карточки (Неделя/Месяц/Квартал/Год)
       └── Клик по карточке
             └── Страница плана:
                   ● Что хочу
                   ● Метрика завершения (%)
                   ● Статус (выше ожидаемого / как планировал / сложнее / не приступил)
                   ● Комментарий к цели
                   ● Комментарий к странице (общий)",URGENT,10,Модуль «Планирование»,8,2026-05-25,2026-05-28
22,"Добавить плашку процент выполнение под каждый из проектов в общей странице. Общая страница сделана, нужно поправить маппинг в странице с канбаном сейчас данные будут браться по другому",MEDIUM,13,Процент выполнение проекта,8,2026-05-24,2026-05-28
27,Сделать чтобы при большом количестве задача колонка про увеличивалась до бесконечности,LOW,15,Убрать скролл в колонке,8,2026-05-24,2026-05-28
153,Добавить раздел вклады где будет информация по всем вкладам которые у меня сейчас и под каким процентом.,HIGH,4,Процент вклада,8,2026-06-06,2026-06-20
26,"Перенести календарь на страницу с проектами, пусть он будет общий для всех и не связан с проектом",LOW,16,Общий календарь,8,2026-05-24,2026-05-28
275,"Разобрать демонстрационный вариант по русскому.
",LOW,2,Разобрать 16 задачу по русскому,40,2026-07-05,2026-07-09
83,https://www.youtube.com/watch?v=SapZN6uMnOk&list=PLiAMYa-REsQTUc4xqetKhTUz1agkJtPyt&index=13,LOW,2,Посмотреть 12 урок,32,2026-05-29,2026-06-10
82,https://www.youtube.com/watch?v=uXyN7d8QlTA&list=PLiAMYa-REsQTUc4xqetKhTUz1agkJtPyt&index=12,LOW,3,Посмотреть 11 урок,32,2026-05-29,2026-06-09
127,"Посмотреть видос, немного вспомнить тему.",LOW,4,"CICD, Docker",20,2026-05-30,2026-06-09
81,"https://www.youtube.com/watch?v=Hq17lylci1E&list=PLiAMYa-REsQTUc4xqetKhTUz1agkJtPyt&index=11
1:25 чет не осиливаю",LOW,4,Посмотреть 10 урок,32,2026-05-29,2026-06-08
255,Разобрать демонстрационный вариант по математике.,HIGH,9,Разобрать 5 задачу по математике,40,2026-06-28,2026-06-30
137,"Во вторник сделать 25 откликов, также как и в понедельник",LOW,16,Сделать 25 откликов,20,2026-06-01,2026-06-02
123,"Хз что это за фигня в стримах, надо попробовать пока думаю что это не совсем легко",MEDIUM,18,Reduce,20,2026-05-30,2026-06-02
151,Добавить данные по кешбекам на каждый аккаунт,MEDIUM,6,Добавить кешбеки,8,2026-06-06,2026-06-10
80,https://www.youtube.com/watch?v=HK0nHmgogcY&list=PLiAMYa-REsQTUc4xqetKhTUz1agkJtPyt&index=10,LOW,4,Посмотреть 9 урок,32,2026-05-29,2026-06-06
138,Не рассматриваю слишком много рисков,,2,Узнать подробнее о МИТУ,40,2026-06-02,2026-06-02
250,Разобрать демонстрационный вариант по физике.,HIGH,12,Разобрать 4 задачу по физике,40,2026-06-28,2026-06-29
79,https://www.youtube.com/watch?v=1JwjH-RoZcY&list=PLiAMYa-REsQTUc4xqetKhTUz1agkJtPyt&index=9,LOW,5,Посмотреть 8 урок,32,2026-05-29,2026-06-05
122,"Впринципе понимаю отличия и зачем он нужен, но просто еще немного поюзать бы его для закрепления
Закрепил нужен для того чтобы развернуть массивы внутри элементов в один общий массив и работать с ним.",LOW,18,FlatMap,20,2026-05-30,2026-06-01
274,"Разобрать демонстрационный вариант по русскому.
",LOW,5,Разобрать 15 задачу по русском,40,2026-07-05,2026-07-08
75,https://www.youtube.com/watch?v=kK9nbw2KsC0&list=PLiAMYa-REsQTUc4xqetKhTUz1agkJtPyt&index=5,LOW,5,Посмотреть 4 урок,32,2026-05-29,2026-06-01
78,https://www.youtube.com/watch?v=03ojoz3HX6E&list=PLiAMYa-REsQTUc4xqetKhTUz1agkJtPyt&index=8,LOW,5,Посмотреть 7 урок,32,2026-05-29,2026-06-04
74,https://www.youtube.com/watch?v=Poj3k-cnda0&list=PLiAMYa-REsQTUc4xqetKhTUz1agkJtPyt&index=4,LOW,6,Посмотреть 3 урок,32,2026-05-29,2026-05-31
72,https://www.youtube.com/watch?v=wsy3V9VALEY&list=PLiAMYa-REsQTUc4xqetKhTUz1agkJtPyt&index=2,LOW,6,Посмотреть 1 урок,32,2026-05-29,2026-05-29
155,"Добавить такой игровой вариант для расчета на сколько хватит денег при таких то тратах, при это учитывая что они будут лежать на счете и инфляцию",URGENT,3,Расчет на сколько хватит,8,2026-06-06,2026-06-24
136,Исправить проблему что если на сайте нет обновленной ключевой ставки за сегодняшнюю то просто нужно грузить с бд.,,9,Баг в ключевой ставке,5,2026-05-31,
145,"Добавляю не знакомые слова в анки
Смотрю сериал EXTRA сначала с субтитрами, следующий день без субтитров
На грамматику делаю любое упражнение из этого списка https://www.perfect-english-grammar.com/grammar-exercises.html
Выписываю любые 5 предложение в блокнот
Разговариваю с GPT 10 минут.

Present Simple Negative 2
Present Simple Yes / No Questions
Present Simple 'Wh' Questions",MEDIUM,4,День 4,28,2026-06-04,2026-06-09
281,"Разобрать демонстрационный вариант по математике.

Тут ебанный пиздец я просто скипаю.",HIGH,1,Разобрать 10 задачу по математике,40,2026-07-05,2026-07-09
115,"Попробовать в приложении, чтобы понять нахой он нужен. Есть еще какая то synchronizedMap. Тут же еще и c массивами надо попробовать.",MEDIUM,6,ConcurrentHashMap,20,2026-05-30,2026-06-06
88,https://www.youtube.com/watch?v=8u3VOBQT-mQ&list=PLiAMYa-REsQTUc4xqetKhTUz1agkJtPyt&index=18,LOW,2,Посмотреть 17 урок,32,2026-05-29,2026-06-28
113,Я вообще не разу толком с этим не встречался пописать в приложении и поиспользовать понять что там и зачем,MEDIUM,7,ExecutorService,20,2026-05-30,2026-06-06
223,"Добавляю не знакомые слова в анки
Смотрю сериал EXTRA сначала с субтитрами, следующий день без субтитров
Разговариваю с GPT 10 минут.
Смотрю одно любое видео на английском.",MEDIUM,4,День 15,28,2026-06-21,2026-06-24
39,"Я ему объясню что нужно спрашивать, наберусь уверенности и потренируюсь.
Я прохожу пробные собеседования с другими людьми так что считаю этот этап пройденным.",MEDIUM,7,Попросить Антоху провести собес,20,2026-05-25,2026-06-21
235,"В планирование должна быть отображена дата добавления задачи в планировании, чтобы я мог увидеть что задача добавлено немного позже например.",LOW,5,Дата добавления задачи,8,2026-06-28,2026-07-02
154,Добавить возможность смотреть как изменилось финансы за какой либо период в виде графика,MEDIUM,1,Динамика накоплений,8,2026-06-06,2026-06-15
234,Разобрать демонстрационный вариант по русскому.,LOW,14,Разобрать 5 задачу по русском,40,2026-06-26,2026-06-29
144,"Добавляю не знакомые слова в анки
Смотрю сериал EXTRA сначала с субтитрами, следующий день без субтитров
На грамматику делаю любое упражнение из этого списка https://www.perfect-english-grammar.com/grammar-exercises.html
Выписываю любые 5 предложение в блокнот
Разговариваю с GPT 10 минут.

Прошел
Present Simple Positive 1
Present Simple Positive 2
Present Simple Negative 1",MEDIUM,4,День 3,28,2026-06-04,2026-06-08
87,https://www.youtube.com/watch?v=GH88DunjcZc&list=PLiAMYa-REsQTUc4xqetKhTUz1agkJtPyt&index=17,LOW,1,Посмотреть 16 урок,32,2026-05-29,2026-06-22
114,"Понять что это, зачем пописать в приложении и по применять",MEDIUM,8,Future,20,2026-05-30,2026-06-06
73,https://www.youtube.com/watch?v=wsy3V9VALEY&list=PLiAMYa-REsQTUc4xqetKhTUz1agkJtPyt&index=2,LOW,6,Посмотреть 2 урок,32,2026-05-29,2026-05-30
116,"Я им немного пользовался, понимание есть, но в коде надо попробовать закрепить",LOW,9,AtomicInteger,20,2026-05-30,2026-06-05
205,"Добавляю не знакомые слова в анки
Смотрю сериал EXTRA сначала с субтитрами, следующий день без субтитров
На грамматику делаю любое упражнение из этого списка https://www.perfect-english-grammar.com/grammar-exercises.html
Выписываю любые 5 предложение в блокнот
Разговариваю с GPT 10 минут.

Я также смотрел 30 минут подкаст
Смотрел сериал EXTRA без субтиров
И общался почти 20 минут с ии",MEDIUM,4,День 9,28,2026-06-14,2026-06-16
257,Разобрать демонстрационный вариант по математике.,HIGH,11,Разобрать 7 задачу по математике,40,2026-06-28,2026-07-03
85,https://www.youtube.com/watch?v=BYa1JUtlxbM&list=PLiAMYa-REsQTUc4xqetKhTUz1agkJtPyt&index=15,LOW,0,Посмотреть 14 урок,32,2026-05-29,2026-06-13
84,https://www.youtube.com/watch?v=Nr7G7S5qqAQ&list=PLiAMYa-REsQTUc4xqetKhTUz1agkJtPyt&index=14,LOW,1,Посмотреть 13 урок новогодний,32,2026-05-29,2026-06-11
112,Постараться самому без подглядки написать код который вызовет дедлок и понять почему это происходит.,LOW,10,Deadlock,20,2026-05-30,2026-06-05
86,https://www.youtube.com/watch?v=a_T8zrme0YE&list=PLiAMYa-REsQTUc4xqetKhTUz1agkJtPyt&index=16,LOW,1,Посмотреть 15 урок,32,2026-05-29,2026-06-20
258,"Добавляю не знакомые слова в анки
Смотрю сериал EXTRA сначала с субтитрами, следующий день без субтитров
Разговариваю с GPT 10 минут.
Смотрю одно любое видео на английском.",MEDIUM,4,День 18,28,2026-06-28,2026-06-29
125,Попросить ии дать задачу с if и for которую нужно переделать под стрим,LOW,17,Из if в stream,20,2026-05-30,2026-06-02
192,Во вторник,MEDIUM,5,30 откликов,20,2026-06-07,2026-06-09
157,"9 июн 124, 135, 230, 567, 568 → что на что делится
На 2 делятся все четные
На 3 делится если сумма цифр делится на 3
На 5 делится если заканчивается на 0 и на 5
На 9 делится если сумма цифр делится на 9
На 10 делится если заканчивается на 0",,0,"Признаки делимости (2, 3, 5, 9, 10)",40,2026-06-06,2026-06-09
156,"8 июн
Числа: √9, −5, 2/3, 0, π, √10 → распределить по множествам",,1,"N, Z, Q, R",40,2026-06-06,2026-06-08
146,"Добавляю не знакомые слова в анки
Смотрю сериал EXTRA сначала с субтитрами, следующий день без субтитров
На грамматику делаю любое упражнение из этого списка https://www.perfect-english-grammar.com/grammar-exercises.html
Выписываю любые 5 предложение в блокнот
Разговариваю с GPT 10 минут.

Present Simple Mixed Forms 1
Present Simple Mixed Forms 2
Present Simple Mixed Forms 3",MEDIUM,4,День 5,28,2026-06-04,2026-06-10
129,"В понедельник сделать 25 откликов, думаю не сложно",MEDIUM,23,Сделать 25 откликов,20,2026-05-30,2026-06-01
195,"Книге по преодолению социофибии уделить 100 минут за неделю. Количество записывать ниже, каждый день.
",MEDIUM,0,Суммарно уделил книге 100 минут,36,2026-06-07,2026-06-12
130,"Глубоко не работал, но понимаю что это и зачем, попрактиковать так говорить на те вопросы на которые я не знаю ответа и надо тянуть время",MEDIUM,5,Глубоко не работал,20,2026-05-30,2026-08-02
207,"Добавляю не знакомые слова в анки
Смотрю сериал EXTRA сначала с субтитрами, следующий день без субтитров
На грамматику делаю любое упражнение из этого списка https://www.perfect-english-grammar.com/grammar-exercises.html
Выписываю любые 5 предложение в блокнот
Разговариваю с GPT 10 минут.

Смотрел 3 серия 1 сезона рик и морти
Смотрел одну серию сериала EXTRA
Общался с GPT 15 минут",MEDIUM,4,День 11,28,2026-06-14,2026-06-18
141,В четверг сделать 25 откликов,LOW,15,Сделать 25 откликов,20,2026-06-04,2026-06-04
149,В пятницу сделать 25 откликов,LOW,14,Сделать 25 откликов,20,2026-06-05,2026-06-05
126,"at-least-once, at-most-once, exactly-once. Просто чуть побольше прочитать про это что и как работает. По поводу практики хз сомневаюсь что смогу это сделать.",LOW,4,Методы доставки кафка,20,2026-05-30,2026-06-10
211,"Переписать то что есть сейчас под свое резюме, в этот раз ты не создатель",HIGH,9,Написать о своем проекте и о себе,20,2026-06-16,2026-06-18
198,О том где работал и чем занимался так чтобы было понимаю что будут запрашивать и готовые ответы на это.,URGENT,10,Переписать свою легенду,20,2026-06-14,2026-06-18
210,Написать легенду о том что мог работать только на удаленке,MEDIUM,11,Написать почему ушел с прошлого места,20,2026-06-16,2026-06-18
236,"Добавить возможно добавлять рацион не только на сегодня и завтра, а на любой день чтобы можно было планировать, можно поставить ее вместо кнопки добавить на завтра.",MEDIUM,6,Рацион на любой день,8,2026-06-28,2026-07-02
300,Разобраться с ноутом и сделать его рабочим,URGENT,1,Починить ноут,41,2026-07-08,
239,"",MEDIUM,3,Сделать 30 откликов,20,2026-06-28,2026-07-04
128,"Тоже бы посмотрел видос, чтобы лучше это вспомнить",LOW,5,SOLID,20,2026-05-30,2026-06-08
247,Разобрать демонстрационный вариант по русскому.,LOW,11,Разобрать 9 задачу по русском,40,2026-06-28,2026-07-01
197,"Раздел в котором есть информация об акциях, что растет, что падает исторические данные, примерно как инвестинг",HIGH,1,Раздел инвестиции,5,2026-06-12,
224,"Добавляю не знакомые слова в анки
Смотрю сериал EXTRA сначала с субтитрами, следующий день без субтитров
Разговариваю с GPT 10 минут.
Смотрю одно любое видео на английском.",MEDIUM,4,День 16,28,2026-06-21,2026-06-25
191,"В понедельник
Найти подходящие вакансии стало намного сложнее.",MEDIUM,6,30 откликов,20,2026-06-07,2026-06-08
248,Разобрать демонстрационный вариант по русскому.,LOW,13,Разобрать 10 задачу по русском,40,2026-06-28,2026-07-03
204,"Добавляю не знакомые слова в анки
Смотрю сериал EXTRA сначала с субтитрами, следующий день без субтитров
На грамматику делаю любое упражнение из этого списка https://www.perfect-english-grammar.com/grammar-exercises.html
Выписываю любые 5 предложение в блокнот
Разговариваю с GPT 10 минут.

Смотрел сериал экстра
Смотрел подкаст на английском 20 минут
И общался с ИИ
Плюс смотрел правил времен. 
Думаю этого достаточно, пошел не по скрипту, потому что надоело.",MEDIUM,4,День 8,28,2026-06-14,2026-06-15
142,"Добавляю не знакомые слова в анки
Смотрю сериал EXTRA сначала с субтитрами, следующий день без субтитров
На грамматику делаю любое упражнение из этого списка https://www.perfect-english-grammar.com/grammar-exercises.html
Выписываю любые 5 предложение в блокнот
Разговариваю с GPT 10 минут.",MEDIUM,5,День 1,28,2026-06-04,2026-06-05
143,"Добавляю не знакомые слова в анки
Смотрю сериал EXTRA сначала с субтитрами, следующий день без субтитров
На грамматику делаю любое упражнение из этого списка https://www.perfect-english-grammar.com/grammar-exercises.html
Выписываю любые 5 предложение в блокнот
Разговариваю с GPT 10 минут.",MEDIUM,5,День 2,28,2026-06-04,2026-06-06
208,"Добавляю не знакомые слова в анки
Смотрю сериал EXTRA сначала с субтитрами, следующий день без субтитров
На грамматику делаю любое упражнение из этого списка https://www.perfect-english-grammar.com/grammar-exercises.html
Выписываю любые 5 предложение в блокнот
Разговариваю с GPT 10 минут.

Также смотрел ютуб на английском.
Смотрел сериал на английском.
Разговаривал с ии.",MEDIUM,5,День 12,28,2026-06-14,2026-06-20
200,"",LOW,6,Сделать 20 откликов,20,2026-06-14,2026-06-19
199,"",LOW,7,Сделать 20 откликов,20,2026-06-14,2026-06-18
212,"",MEDIUM,8,Написать почему в резюме настоящее время,20,2026-06-16,2026-06-18
238,"",MEDIUM,2,Сделать 30 откликов,20,2026-06-28,2026-06-30
237,"Проверить что у меня все настроено корректно, не палится и все слышно.",LOW,4,Настроить дискорд,20,2026-06-28,2026-06-29
301,Лучше утром на свежую голову этим заняться.,HIGH,1,Доделать резюме и отправить в телеге,20,2026-07-09,2026-07-10
249,"Разобрать демонстрационный вариант по русскому.
Это русский такая хуйня тупа самые неиспользуемые слова мы пихаем во все варианты.",LOW,10,Разобрать 11 задачу по русском,40,2026-06-28,2026-07-04
279,Разобрать демонстрационный вариант по физике.,HIGH,7,Разобрать 8 задачу по физике,40,2026-07-05,2026-07-07
213,"",LOW,10,Ответить на сообщения HR,20,2026-06-16,2026-06-16
262,"Добавляю не знакомые слова в анки
Смотрю сериал EXTRA сначала с субтитрами, следующий день без субтитров
Разговариваю с GPT 10 минут.
Смотрю одно любое видео на английском.",MEDIUM,5,День 22,28,2026-06-28,2026-07-03
261,"Добавляю не знакомые слова в анки
Смотрю сериал EXTRA сначала с субтитрами, следующий день без субтитров
Разговариваю с GPT 10 минут.
Смотрю одно любое видео на английском.",MEDIUM,4,День 21,28,2026-06-28,2026-07-02
253,Разобрать демонстрационный вариант по физике.,HIGH,12,Разобрать 7 задачу по физике,40,2026-06-28,2026-07-03
91,https://www.youtube.com/watch?v=1M7FIccIYqc&list=PLiAMYa-REsQTUc4xqetKhTUz1agkJtPyt&index=21,LOW,1,Посмотреть 20 урок,29,2026-05-29,
201,"",LOW,10,Сделать 20 откликов,20,2026-06-14,2026-06-17
225,"Добавляю не знакомые слова в анки
Смотрю сериал EXTRA сначала с субтитрами, следующий день без субтитров
Разговариваю с GPT 10 минут.
Смотрю одно любое видео на английском.",MEDIUM,4,День 17,28,2026-06-21,2026-06-26
256,Разобрать демонстрационный вариант по математике.,HIGH,10,Разобрать 6 задачу по математике,40,2026-06-28,2026-07-01
254,Разобрать демонстрационный вариант по математике.,HIGH,13,Разобрать 4 задачу по математике,40,2026-06-28,2026-06-29
313,"Добавляю не знакомые слова в анки
Смотрю сериал EXTRA сначала с субтитрами, следующий день без субтитров
Разговариваю с GPT 10 минут.
Смотрю одно любое видео на английском.",MEDIUM,2,День 30,28,2026-07-12,2026-07-22
100,https://www.youtube.com/watch?v=J5Oc_-2Xuxw&list=PLiAMYa-REsQTUc4xqetKhTUz1agkJtPyt&index=30,LOW,10,Посмотреть 29 урок,29,2026-05-29,
101,https://www.youtube.com/watch?v=XFBiUpjdekA&list=PLiAMYa-REsQTUc4xqetKhTUz1agkJtPyt&index=31,LOW,11,Посмотреть 30 урок,29,2026-05-29,
147,"Добавляю не знакомые слова в анки
Смотрю сериал EXTRA сначала с субтитрами, следующий день без субтитров
На грамматику делаю любое упражнение из этого списка https://www.perfect-english-grammar.com/grammar-exercises.html
Выписываю любые 5 предложение в блокнот
Разговариваю с GPT 10 минут.

Present Simple Mixed Forms Be and Other Verbs
Present Simple Spelling Changes",MEDIUM,4,День 6,28,2026-06-04,2026-06-11
215,"Проверить план для обучения который есть сейчас и возможно поменять формат не в виде задач, а в виде ворда в котором я все это буду проходить.",HIGH,8,Перепроверить план для обучения,40,2026-06-21,2026-06-23
214,Зарегистрировать и подать документы на зачисление,MEDIUM,9,Отнести документы в ВУЗ,40,2026-06-21,2026-06-23
209,"Добавляю не знакомые слова в анки
Смотрю сериал EXTRA сначала с субтитрами, следующий день без субтитров
Разговариваю с GPT 10 минут.
Смотрю одно любое видео на английском.",MEDIUM,4,День 13,28,2026-06-14,2026-06-22
227,"",MEDIUM,0,Поменять шланг в душевой,44,2026-06-23,2026-06-23
217,Составить схему архитектуры проекта и ответы на возможные вопросы по нему,HIGH,6,Составить описание моего проекта,20,2026-06-21,2026-06-22
218,"",MEDIUM,7,Сделать 50 откликов,20,2026-06-21,2026-06-22
270,"Придумать как можно ходить по объявлениям и брать больше разных данных о квартире, может брать данные с других ресурсов",URGENT,1,Больше данных о квартире,8,2026-07-04,2026-07-07
240,"Изучить то что сгенерил клод, понять как все работает, загрузить на гитхаб и отправить на проверку.",HIGH,2,Выполнить тестовое задание,20,2026-06-28,2026-07-01
226,"",HIGH,6,Пройти тестирование в мтс,20,2026-06-22,2026-06-24
221,"",MEDIUM,5,Сделать 50 откликов,20,2026-06-21,2026-06-26
202,"",LOW,9,Сделать 20 откликов,20,2026-06-14,2026-06-15
148,"Добавляю не знакомые слова в анки
Смотрю сериал EXTRA сначала с субтитрами, следующий день без субтитров
На грамматику делаю любое упражнение из этого списка https://www.perfect-english-grammar.com/grammar-exercises.html
Выписываю любые 5 предложение в блокнот
Разговариваю с GPT 10 минут.

Irregular Past Simple, Part 1
Irregular Past Simple, Part 2",MEDIUM,4,День 7,28,2026-06-04,2026-06-12
216,"Я буду использовать дискорд для помощи, ии мне не нравится",MEDIUM,6,Найти ИИ для помощи собесам,20,2026-06-21,2026-06-26
302,На новый ноут сестры нужно установить все необходимые драйвера,MEDIUM,0,Установить драйвера и программы,44,2026-07-09,2026-07-11
290,"Добавляю не знакомые слова в анки
Смотрю сериал EXTRA сначала с субтитрами, следующий день без субтитров
Разговариваю с GPT 10 минут.
Смотрю одно любое видео на английском.",MEDIUM,3,День 24,28,2026-07-05,2026-07-07
219,"",MEDIUM,7,Сделать 50 откликов,20,2026-06-21,2026-06-23
288,Собрать все данные которые связанны с лечением моей спины,HIGH,3,Собрать данные по спине,41,2026-07-05,
297,Сделать бота который может обходить сайт авито и скачивать необходимые страницы,URGENT,2,Бот скачивает страницы,8,2026-07-05,2026-07-07
271,"Разобрать демонстрационный вариант по русскому.
",LOW,10,Разобрать 12 задачу по русском,40,2026-07-05,2026-07-06
259,"Добавляю не знакомые слова в анки
Смотрю сериал EXTRA сначала с субтитрами, следующий день без субтитров
Разговариваю с GPT 10 минут.
Смотрю одно любое видео на английском.",MEDIUM,5,День 19,28,2026-06-28,2026-06-30
233,Сделать раздел который будет выдавать различные задачи на решение и компилировать код в прямом эфире для проверки. Плюс для каждого задания можно будет подсмотреть теорию и особенности системы.,,10,Раздел с тренировкой джавы,5,2026-06-25,
320,"Захожу в обсидиан раздел вуз, математика и изучаю все по очереди.",HIGH,2,Решить день 2,40,2026-07-25,2026-08-02
260,"Добавляю не знакомые слова в анки
Смотрю сериал EXTRA сначала с субтитрами, следующий день без субтитров
Разговариваю с GPT 10 минут.
Смотрю одно любое видео на английском.",MEDIUM,5,День 20,28,2026-06-28,2026-07-01
264,Посмотреть историю игрушек на английском,LOW,5,История игрушек,28,2026-07-01,2026-07-06
319,"Захожу в обсидиан раздел вуз, математика и изучаю все по очереди.",HIGH,3,Решить день 1,40,2026-07-25,2026-08-01
102,https://www.youtube.com/watch?v=ziOzgB6wR2I&list=PLiAMYa-REsQTUc4xqetKhTUz1agkJtPyt&index=32,LOW,12,Посмотреть 31 урок,29,2026-05-29,
292,"Добавляю не знакомые слова в анки
Смотрю сериал EXTRA сначала с субтитрами, следующий день без субтитров
Разговариваю с GPT 10 минут.
Смотрю одно любое видео на английском.",MEDIUM,1,День 26,28,2026-07-05,2026-07-09
220,"",MEDIUM,7,Сделать 50 откликов,20,2026-06-21,2026-06-24
287,"",LOW,2,Записаться на прием к неврологу,41,2026-07-05,
291,"Добавляю не знакомые слова в анки
Смотрю сериал EXTRA сначала с субтитрами, следующий день без субтитров
Разговариваю с GPT 10 минут.
Смотрю одно любое видео на английском.",MEDIUM,2,День 25,28,2026-07-05,2026-07-09
289,"Добавляю не знакомые слова в анки
Смотрю сериал EXTRA сначала с субтитрами, следующий день без субтитров
Разговариваю с GPT 10 минут.
Смотрю одно любое видео на английском.",MEDIUM,4,День 23,28,2026-07-05,2026-07-06
280,Разобрать демонстрационный вариант по математике.,HIGH,4,Разобрать 9 задачу по математике,40,2026-07-05,2026-07-09
241,Не успел уже закрыли тест.,HIGH,3,Пройти тест от яндекса,20,2026-06-28,2026-06-29
245,Разобрать демонстрационный вариант по русскому.,LOW,10,Разобрать 7 задачу по русском,40,2026-06-28,2026-06-29
242,Повторить композицию до второго сложного проигрывания.,HIGH,1,Ludovico Einaudi - Una Mattina 2/3 выучено,32,2026-06-28,2026-07-02
273,"Разобрать демонстрационный вариант по русскому.
",LOW,6,Разобрать 14 задачу по русском,40,2026-07-05,2026-07-07
269,В парсинге объявлений на авито должны парсится все возможные данные.,MEDIUM,3,Добавить больше данных,8,2026-07-03,2026-07-04
303,"Придумать кто мне рассказывал про внутрянку сенлы, можно что угодно выдумать по типу что он сейчас не работает и все",HIGH,1,Придумать история для сенлы,44,2026-07-09,2026-07-10
296,"",HIGH,0,Просмотреть 3 собеса диск,20,2026-07-05,2026-07-11
295,"",MEDIUM,2,Сделать 15 откликов,20,2026-07-05,2026-07-08
317,"",MEDIUM,0,Выучить майнкрафт музыку,32,2026-07-12,2026-07-26
294,"",MEDIUM,3,Сделать 15 откликов,20,2026-07-05,2026-07-07
272,"Разобрать демонстрационный вариант по русскому.
",LOW,9,Разобрать 13 задачу по русском,40,2026-07-05,2026-07-06
316,Для квартир нужно поменять расчет рейтинга чтобы мне нравился,HIGH,0,Поменять формат расчета рейтинга,5,2026-07-12,
20,"На главной старницы когда большинство раздел будут готовы, для каждого раздела сделать уведомления, ну типо красного кружка с цыферкой",,8,Уведомления,5,2026-05-24,
276,"Разобрать демонстрационный вариант по русскому.
",LOW,0,Разобрать 17 задачу по русском,40,2026-07-05,2026-07-11
283,Разобрать демонстрационный вариант по физике.,HIGH,3,Разобрать 9 задачу по физике,40,2026-07-05,2026-07-09
293,"Добавляю не знакомые слова в анки
Смотрю сериал EXTRA сначала с субтитрами, следующий день без субтитров
Разговариваю с GPT 10 минут.
Смотрю одно любое видео на английском.",MEDIUM,0,День 27,28,2026-07-05,2026-07-10
312,"Добавляю не знакомые слова в анки
Смотрю сериал EXTRA сначала с субтитрами, следующий день без субтитров
Разговариваю с GPT 10 минут.
Смотрю одно любое видео на английском.",MEDIUM,3,День 29,28,2026-07-12,2026-07-21
286,"Повторить композицию до самого конца, можно медленно и с ошибками",HIGH,0,Ludovico Einaudi - Una Mattina доучить,32,2026-07-05,2026-07-12
96,https://www.youtube.com/watch?v=RUgl3PQ_i2w&list=PLiAMYa-REsQTUc4xqetKhTUz1agkJtPyt&index=26,LOW,6,Посмотреть 25 урок,29,2026-05-29,
95,https://www.youtube.com/watch?v=A8UQoc5B-Ls&list=PLiAMYa-REsQTUc4xqetKhTUz1agkJtPyt&index=25,LOW,5,Посмотреть 24 урок,29,2026-05-29,
97,https://www.youtube.com/watch?v=PysVl8uAShk&list=PLiAMYa-REsQTUc4xqetKhTUz1agkJtPyt&index=27,LOW,7,Посмотреть 26 урок,29,2026-05-29,
98,https://www.youtube.com/watch?v=L-JYZg7Avjg&list=PLiAMYa-REsQTUc4xqetKhTUz1agkJtPyt&index=28,LOW,8,Посмотреть 27 урок,29,2026-05-29,
99,https://www.youtube.com/watch?v=yKYzJPHblhE&list=PLiAMYa-REsQTUc4xqetKhTUz1agkJtPyt&index=29,LOW,9,Посмотреть 28 урок,29,2026-05-29,
318,"Добавляю не знакомые слова в анки
Смотрю сериал EXTRA сначала с субтитрами, следующий день без субтитров
Разговариваю с GPT 10 минут.
Смотрю одно любое видео на английском.",MEDIUM,8,День 33,28,2026-07-24,2026-08-01
315,"Добавляю не знакомые слова в анки
Смотрю сериал EXTRA сначала с субтитрами, следующий день без субтитров
Разговариваю с GPT 10 минут.
Смотрю одно любое видео на английском.",MEDIUM,0,День 32,28,2026-07-12,2026-07-24
314,"Добавляю не знакомые слова в анки
Смотрю сериал EXTRA сначала с субтитрами, следующий день без субтитров
Разговариваю с GPT 10 минут.
Смотрю одно любое видео на английском.",MEDIUM,1,День 31,28,2026-07-12,2026-07-23
311,"Добавляю не знакомые слова в анки
Смотрю сериал EXTRA сначала с субтитрами, следующий день без субтитров
Разговариваю с GPT 10 минут.
Смотрю одно любое видео на английском.",MEDIUM,4,День 28,28,2026-07-12,2026-07-20
322,"Захожу в обсидиан раздел вуз, математика и изучаю все по очереди.",HIGH,3,Решить день 4,40,2026-07-25,2026-08-06
323,"Захожу в обсидиан раздел вуз, математика и изучаю все по очереди.",HIGH,3,Решить день 5,40,2026-07-25,2026-08-09
321,"Захожу в обсидиан раздел вуз, математика и изучаю все по очереди.",HIGH,2,Решить день 3,40,2026-07-25,2026-08-04
334,"Добавляю не знакомые слова в анки
Смотрю сериал EXTRA сначала с субтитрами, следующий день без субтитров
Разговариваю с GPT 10 минут.
Смотрю одно любое видео на английском.",MEDIUM,3,День 41,28,2026-08-01,2026-08-06
342,"Переписать код, использовать рекорды и добавить логирование. Возможно улучшить sql запросы.",HIGH,0,Отрефакторить раздел food,6,2026-08-02,
324,"Захожу в обсидиан раздел вуз, математика и изучаю все по очереди.",HIGH,2,Решить день 6,40,2026-07-25,2026-08-11
333,"Добавляю не знакомые слова в анки
Смотрю сериал EXTRA сначала с субтитрами, следующий день без субтитров
Разговариваю с GPT 10 минут.
Смотрю одно любое видео на английском.",MEDIUM,4,День 40,28,2026-08-01,2026-08-06
331,"Добавляю не знакомые слова в анки
Смотрю сериал EXTRA сначала с субтитрами, следующий день без субтитров
Разговариваю с GPT 10 минут.
Смотрю одно любое видео на английском.",MEDIUM,4,День 38,28,2026-08-01,2026-08-04
332,"Добавляю не знакомые слова в анки
Смотрю сериал EXTRA сначала с субтитрами, следующий день без субтитров
Разговариваю с GPT 10 минут.
Смотрю одно любое видео на английском.",MEDIUM,5,День 39,28,2026-08-01,2026-08-05
329,"Добавляю не знакомые слова в анки
Смотрю сериал EXTRA сначала с субтитрами, следующий день без субтитров
Разговариваю с GPT 10 минут.
Смотрю одно любое видео на английском.",MEDIUM,4,День 37,28,2026-07-26,2026-08-01
330,"Возможно у тебя будет время только в выходной, но равно не много поиграй ее https://www.youtube.com/watch?v=hUvXvoYjrZc",MEDIUM,0,Уделить время SWEDEN,30,2026-07-26,
336,"Добавляю не знакомые слова в анки
Смотрю сериал EXTRA сначала с субтитрами, следующий день без субтитров
Разговариваю с GPT 10 минут.
Смотрю одно любое видео на английском.",MEDIUM,4,День 42,28,2026-08-01,2026-08-09
341,Под каждую вакансию дорабатываю резюме и откликаюсь.,HIGH,2,Сделать 5 откликов,20,2026-08-02,2026-08-06
340,Под каждую вакансию дорабатываю резюме и откликаюсь.,HIGH,3,Сделать 5 откликов,20,2026-08-02,2026-08-06
94,https://www.youtube.com/watch?v=lHd7AQjMfFs&list=PLiAMYa-REsQTUc4xqetKhTUz1agkJtPyt&index=24,LOW,4,Посмотреть 23 урок,29,2026-05-29,
103,https://www.youtube.com/watch?v=NP4E3yBmdxc&list=PLiAMYa-REsQTUc4xqetKhTUz1agkJtPyt&index=33,LOW,13,Посмотреть 32 урок,29,2026-05-29,
339,Под каждую вакансию дорабатываю резюме и откликаюсь.,HIGH,4,Сделать 5 откликов,20,2026-08-02,2026-08-06
338,Под каждую вакансию дорабатываю резюме и откликаюсь.,HIGH,5,Сделать 5 откликов,20,2026-08-02,2026-08-06
337,"Обновить резюме, взять наработки из сенлы и добавить в мой профиль.",HIGH,6,Переработать резюме,20,2026-08-02,2026-08-06
328,"Добавляю не знакомые слова в анки
Смотрю сериал EXTRA сначала с субтитрами, следующий день без субтитров
Разговариваю с GPT 10 минут.
Смотрю одно любое видео на английском.",MEDIUM,5,День 36,28,2026-07-26,2026-08-01
325,"Захожу в обсидиан раздел вуз, математика и изучаю все по очереди.",HIGH,1,Решить день 7,40,2026-07-25,2026-08-11
354,"Возможно приобрести подписку, чтобы у меня был крутой помощник в этому плане которому можно было бы отдавать много работы.",HIGH,1,Настроить ии для кодинга,6,2026-08-09,
327,"Добавляю не знакомые слова в анки
Смотрю сериал EXTRA сначала с субтитрами, следующий день без субтитров
Разговариваю с GPT 10 минут.
Смотрю одно любое видео на английском.",MEDIUM,6,День 35,28,2026-07-26,2026-08-01
326,"Добавляю не знакомые слова в анки
Смотрю сериал EXTRA сначала с субтитрами, следующий день без субтитров
Разговариваю с GPT 10 минут.
Смотрю одно любое видео на английском.",MEDIUM,7,День 34,28,2026-07-26,2026-08-01
353,Зарегистрироваться и перенести туда мое резюме.,HIGH,0,Создать профиль на Linkedin,18,2026-08-09,
347,"Добавляю не знакомые слова в анки
Смотрю сериал EXTRA сначала с субтитрами, следующий день без субтитров
Разговариваю с GPT 10 минут.
Смотрю одно любое видео на английском.",MEDIUM,0,День 47,25,2026-08-09,
346,"Добавляю не знакомые слова в анки
Смотрю сериал EXTRA сначала с субтитрами, следующий день без субтитров
Разговариваю с GPT 10 минут.
Смотрю одно любое видео на английском.",MEDIUM,0,День 46,28,2026-08-09,2026-08-14
345,"Добавляю не знакомые слова в анки
Смотрю сериал EXTRA сначала с субтитрами, следующий день без субтитров
Разговариваю с GPT 10 минут.
Смотрю одно любое видео на английском.",MEDIUM,1,День 45,28,2026-08-09,2026-08-14
344,"Добавляю не знакомые слова в анки
Смотрю сериал EXTRA сначала с субтитрами, следующий день без субтитров
Разговариваю с GPT 10 минут.
Смотрю одно любое видео на английском.",MEDIUM,2,День 44,28,2026-08-09,2026-08-11
343,"Добавляю не знакомые слова в анки
Смотрю сериал EXTRA сначала с субтитрами, следующий день без субтитров
Разговариваю с GPT 10 минут.
Смотрю одно любое видео на английском.",MEDIUM,3,День 43,28,2026-08-09,2026-08-11
352,"",MEDIUM,0,Сделать 5 откликов,20,2026-08-09,2026-08-14
351,"",MEDIUM,1,Сделать 5 откликов,20,2026-08-09,2026-08-14
350,"",MEDIUM,2,Сделать 5 откликов,20,2026-08-09,2026-08-11
349,"",MEDIUM,3,Сделать 5 откликов,20,2026-08-09,2026-08-11
348,Сделать все так чтобы была незаметная программа для списывания и общения.,MEDIUM,0,Подготовить инфраструктуру для сдачи,40,2026-08-09,2026-08-14
