2026-05-13,491
2026-05-14,502
2026-05-15,487
2026-05-16,472
2026-05-17,460
2026-05-18,459
2026-05-19,474
2026-05-20,507
2026-05-21,505
2026-05-22,525
2026-05-23,513
2026-05-24,495
2026-05-25,483
2026-05-26,494
2026-05-27,496
2026-05-28,495
2026-05-29,504
2026-05-30,496
2026-05-31,490
2026-06-01,490
2026-06-02,490
2026-06-03,531
2026-06-04,535
2026-06-05,526
2026-06-06,515
2026-06-07,501
2026-06-08,489
2026-06-09,493
2026-06-10,501
2026-06-11,500
2026-06-12,496
2026-06-13,476
2026-06-14,463
2026-06-15,456
2026-06-16,464
2026-06-17,468
2026-06-18,471
2026-06-19,462
2026-06-20,459
2026-06-21,437
2026-06-22,431
2026-06-23,444
2026-06-24,460
2026-06-25,452
2026-06-26,449
2026-06-27,440
2026-06-28,427
2026-06-29,419
2026-06-30,429
2026-07-01,440
2026-07-02,443
2026-07-03,426
2026-07-04,427
2026-07-05,419
2026-07-06,408
2026-07-07,412
2026-07-08,429
2026-07-09,440
2026-07-10,438
2026-07-11,439
2026-07-12,429
2026-07-14,447
2026-07-15,446
2026-07-16,441
2026-07-19,417
2026-07-20,416
2026-07-21,421
2026-07-22,415
2026-07-23,414
2026-07-24,413
2026-07-25,411
2026-07-26,402
2026-08-01,419
2026-08-02,406
2026-08-04,404
2026-08-05,418
2026-08-06,410
2026-08-09,420
2026-08-11,391
2026-08-14,397
